true,predicted,count,pct_of_true
C,O,18,0.03409090909090909
A,N,1,0.0018552875695732839
A,P,1,0.0018552875695732839
N,M,1,0.0018181818181818182
U,R,1,0.0018181818181818182
